run_id,strategy,concurrency,repetition,order_in_block,sample_count,dropped_samples,AvgRT,MedianRT,P95,Throughput,ErrorRate,errors,avg_response_bytes,window_seconds
r1_cache-aside_c25_20260928-102107,cache-aside,25,1,2,368811,80922,4.048,4.0,8.0,6146.85,0.0,0,21426.4,59.931
r2_cache-aside_c25_20260928-103514,cache-aside,25,2,5,364002,79936,4.102,4.0,8.0,6066.7,0.0,0,21427.2,59.936
r3_cache-aside_c25_20260928-104304,cache-aside,25,3,4,363033,79879,4.113,4.0,9.0,6050.55,0.0,0,21425.9,59.937
r4_cache-aside_c25_20260928-104921,cache-aside,25,4,2,363160,79944,4.111,4.0,8.0,6052.667,0.0,0,21426.6,59.938
r5_cache-aside_c25_20260928-110154,cache-aside,25,5,4,362964,80316,4.113,4.0,8.0,6049.4,0.0,0,21426.0,59.926
r1_cache-aside_c50_20260928-102415,cache-aside,50,1,4,385468,87965,7.758,7.0,14.0,6424.467,0.0,0,21426.7,59.935
r2_cache-aside_c50_20260928-103206,cache-aside,50,2,3,381455,85634,7.841,7.0,14.0,6357.583,0.0,0,21427.4,59.958
r3_cache-aside_c50_20260928-104439,cache-aside,50,3,5,385173,87282,7.764,7.0,15.0,6419.55,0.0,0,21426.9,59.922
r4_cache-aside_c50_20260928-105055,cache-aside,50,4,3,385225,87243,7.763,7.0,15.0,6420.417,0.0,0,21425.9,59.929
r5_cache-aside_c50_20260928-110502,cache-aside,50,5,6,384157,86934,7.786,7.0,14.0,6402.617,0.0,0,21425.9,59.944
r1_cache-aside_c100_20260928-102724,cache-aside,100,1,6,396383,92779,15.103,14.0,25.0,6606.383,0.0,0,21425.8,59.951
r2_cache-aside_c100_20260928-103340,cache-aside,100,2,4,394053,92206,15.193,15.0,25.0,6567.55,0.0,0,21427.0,59.946
r3_cache-aside_c100_20260928-103956,cache-aside,100,3,2,397770,93003,15.057,14.0,24.0,6629.5,0.0,0,21425.6,59.967
r4_cache-aside_c100_20260928-105403,cache-aside,100,4,5,397275,92645,15.07,14.0,24.0,6621.25,0.0,0,21425.5,59.959
r5_cache-aside_c100_20260928-110020,cache-aside,100,5,3,397074,92519,15.076,14.0,24.0,6617.9,0.0,0,21426.2,59.951
r1_read-through_c25_20260928-101933,read-through,25,1,1,360136,78868,4.147,4.0,8.0,6002.267,0.0,0,21427.6,59.934
r2_read-through_c25_20260928-103032,read-through,25,2,2,353487,78044,4.224,4.0,9.0,5891.45,0.0,0,21426.6,59.937
r3_read-through_c25_20260928-103822,read-through,25,3,1,356474,78446,4.19,4.0,8.0,5941.233,0.0,0,21427.4,59.937
r4_read-through_c25_20260928-105537,read-through,25,4,6,354507,78359,4.212,4.0,9.0,5908.45,0.0,0,21426.3,59.941
r5_read-through_c25_20260928-105711,read-through,25,5,1,356472,78545,4.188,4.0,9.0,5941.2,0.0,0,21426.7,59.932
r1_read-through_c50_20260928-102550,read-through,50,1,5,375807,85479,7.958,7.0,15.0,6263.45,0.0,0,21426.4,59.929
r2_read-through_c50_20260928-103648,read-through,50,2,6,376979,85158,7.934,7.0,15.0,6282.983,0.0,0,21427.1,59.947
r3_read-through_c50_20260928-104613,read-through,50,3,6,374695,85202,7.981,7.0,15.0,6244.917,0.0,0,21426.0,59.936
r4_read-through_c50_20260928-105229,read-through,50,4,4,376062,85114,7.953,7.0,15.0,6267.7,0.0,0,21425.8,59.933
r5_read-through_c50_20260928-110328,read-through,50,5,5,376322,85192,7.946,7.0,15.0,6272.033,0.0,0,21427.5,59.923
r1_read-through_c100_20260928-102241,read-through,100,1,3,388274,91513,15.417,15.0,25.0,6471.233,0.0,0,21426.4,59.94
r2_read-through_c100_20260928-102858,read-through,100,2,1,385257,89211,15.535,15.0,25.0,6420.95,0.0,0,21427.2,59.94
r3_read-through_c100_20260928-104130,read-through,100,3,3,389143,90796,15.377,15.0,25.0,6485.717,0.0,0,21427.5,59.91
r4_read-through_c100_20260928-104747,read-through,100,4,1,388656,89879,15.4,15.0,25.0,6477.6,0.0,0,21425.3,59.942
r5_read-through_c100_20260928-105845,read-through,100,5,2,387284,90808,15.454,15.0,25.0,6454.733,0.0,0,21427.9,59.921
