run_id,strategy,concurrency,repetition,order_in_block,ramp_s,duration_s,total_duration_s,start_time,end_time,redis_hits,redis_misses,keys_all_exist,min_pttl_ms,dbsize,used_memory_human,load_avg,jtl_file
r1_read-through_c25_20260928-101933,read-through,25,1,1,15,60,75,2026-09-28 10:19:38,2026-09-28 10:20:57,439064,0,True,299963,20,1.55M,8.82_2.79_1.61,r1_read-through_c25_20260928-101933.jtl
r1_cache-aside_c25_20260928-102107,cache-aside,25,1,2,15,60,75,2026-09-28 10:21:12,2026-09-28 10:22:31,449793,0,True,299968,20,1.54M,10.14_4.51_2.31,r1_cache-aside_c25_20260928-102107.jtl
r1_read-through_c100_20260928-102241,read-through,100,1,3,15,60,75,2026-09-28 10:22:46,2026-09-28 10:24:05,479847,0,True,299967,20,1.54M,14.45_7.08_3.41,r1_read-through_c100_20260928-102241.jtl
r1_cache-aside_c50_20260928-102415,cache-aside,50,1,4,15,60,75,2026-09-28 10:24:20,2026-09-28 10:25:39,473493,0,True,299966,20,1.55M,15.50_9.01_4.42,r1_cache-aside_c50_20260928-102415.jtl
r1_read-through_c50_20260928-102550,read-through,50,1,5,15,60,75,2026-09-28 10:25:55,2026-09-28 10:27:13,461346,0,True,299969,20,1.55M,16.27_10.66_5.43,r1_read-through_c50_20260928-102550.jtl
r1_cache-aside_c100_20260928-102724,cache-aside,100,1,6,15,60,75,2026-09-28 10:27:29,2026-09-28 10:28:47,489222,0,True,299969,20,1.54M,12.57_10.96_6.04,r1_cache-aside_c100_20260928-102724.jtl
r2_read-through_c100_20260928-102858,read-through,100,2,1,15,60,75,2026-09-28 10:29:03,2026-09-28 10:30:21,474528,0,True,299962,20,1.54M,17.54_12.72_7.10,r2_read-through_c100_20260928-102858.jtl
r2_read-through_c25_20260928-103032,read-through,25,2,2,15,60,75,2026-09-28 10:30:37,2026-09-28 10:31:55,431591,0,True,299970,20,1.55M,9.98_11.24_7.10,r2_read-through_c25_20260928-103032.jtl
r2_cache-aside_c50_20260928-103206,cache-aside,50,2,3,15,60,75,2026-09-28 10:32:11,2026-09-28 10:33:29,467149,0,True,299970,20,1.55M,13.34_11.95_7.75,r2_cache-aside_c50_20260928-103206.jtl
r2_cache-aside_c100_20260928-103340,cache-aside,100,2,4,15,60,75,2026-09-28 10:33:45,2026-09-28 10:35:03,486319,0,True,299968,20,1.54M,12.00_12.10_8.22,r2_cache-aside_c100_20260928-103340.jtl
r2_cache-aside_c25_20260928-103514,cache-aside,25,2,5,15,60,75,2026-09-28 10:35:19,2026-09-28 10:36:38,443998,0,True,299968,20,1.54M,11.58_11.76_8.46,r2_cache-aside_c25_20260928-103514.jtl
r2_read-through_c50_20260928-103648,read-through,50,2,6,15,60,75,2026-09-28 10:36:53,2026-09-28 10:38:12,462197,0,True,299969,20,1.55M,16.03_12.98_9.18,r2_read-through_c50_20260928-103648.jtl
r3_read-through_c25_20260928-103822,read-through,25,3,1,15,60,75,2026-09-28 10:38:27,2026-09-28 10:39:46,434980,0,True,299965,20,1.55M,11.91_12.15_9.23,r3_read-through_c25_20260928-103822.jtl
r3_cache-aside_c100_20260928-103956,cache-aside,100,3,2,15,60,75,2026-09-28 10:40:01,2026-09-28 10:41:20,490833,0,True,299969,20,1.54M,13.24_12.24_9.52,r3_cache-aside_c100_20260928-103956.jtl
r3_read-through_c100_20260928-104130,read-through,100,3,3,15,60,75,2026-09-28 10:41:36,2026-09-28 10:42:54,479999,0,True,299970,20,1.54M,13.43_12.63_9.92,r3_read-through_c100_20260928-104130.jtl
r3_cache-aside_c25_20260928-104304,cache-aside,25,3,4,15,60,75,2026-09-28 10:43:10,2026-09-28 10:44:28,442972,0,True,299969,20,1.55M,12.41_12.31_10.05,r3_cache-aside_c25_20260928-104304.jtl
r3_cache-aside_c50_20260928-104439,cache-aside,50,3,5,15,60,75,2026-09-28 10:44:44,2026-09-28 10:46:02,472515,0,True,299972,20,1.55M,16.43_13.04_10.48,r3_cache-aside_c50_20260928-104439.jtl
r3_read-through_c50_20260928-104613,read-through,50,3,6,15,60,75,2026-09-28 10:46:18,2026-09-28 10:47:36,459957,0,True,299968,20,1.54M,12.42_12.35_10.46,r3_read-through_c50_20260928-104613.jtl
r4_read-through_c100_20260928-104747,read-through,100,4,1,15,60,75,2026-09-28 10:47:52,2026-09-28 10:49:10,478595,0,True,299970,20,1.54M,18.87_13.92_11.16,r4_read-through_c100_20260928-104747.jtl
r4_cache-aside_c25_20260928-104921,cache-aside,25,4,2,15,60,75,2026-09-28 10:49:26,2026-09-28 10:50:44,443164,0,True,299962,20,1.55M,13.64_13.33_11.20,r4_cache-aside_c25_20260928-104921.jtl
r4_cache-aside_c50_20260928-105055,cache-aside,50,4,3,15,60,75,2026-09-28 10:51:00,2026-09-28 10:52:18,472528,0,True,299970,20,1.55M,17.77_14.37_11.75,r4_cache-aside_c50_20260928-105055.jtl
r4_read-through_c50_20260928-105229,read-through,50,4,4,15,60,75,2026-09-28 10:52:34,2026-09-28 10:53:52,461236,0,True,299970,20,1.54M,17.13_14.76_12.10,r4_read-through_c50_20260928-105229.jtl
r4_cache-aside_c100_20260928-105403,cache-aside,100,4,5,15,60,75,2026-09-28 10:54:08,2026-09-28 10:55:27,489980,0,True,299969,20,1.54M,11.17_13.27_11.82,r4_cache-aside_c100_20260928-105403.jtl
r4_read-through_c25_20260928-105537,read-through,25,4,6,15,60,75,2026-09-28 10:55:42,2026-09-28 10:57:01,432926,0,True,299968,20,1.55M,10.06_12.22_11.57,r4_read-through_c25_20260928-105537.jtl
r5_read-through_c25_20260928-105711,read-through,25,5,1,15,60,75,2026-09-28 10:57:16,2026-09-28 10:58:35,435077,0,True,299968,20,1.55M,11.17_11.74_11.44,r5_read-through_c25_20260928-105711.jtl
r5_read-through_c100_20260928-105845,read-through,100,5,2,15,60,75,2026-09-28 10:58:51,2026-09-28 11:00:09,478152,0,True,299966,20,1.54M,13.35_12.17_11.61,r5_read-through_c100_20260928-105845.jtl
r5_cache-aside_c100_20260928-110020,cache-aside,100,5,3,15,60,75,2026-09-28 11:00:25,2026-09-28 11:01:43,489653,0,True,299969,20,1.54M,15.99_12.98_11.92,r5_cache-aside_c100_20260928-110020.jtl
r5_cache-aside_c25_20260928-110154,cache-aside,25,5,4,15,60,75,2026-09-28 11:01:59,2026-09-28 11:03:17,443340,0,True,299970,20,1.55M,12.07_12.20_11.72,r5_cache-aside_c25_20260928-110154.jtl
r5_read-through_c50_20260928-110328,read-through,50,5,5,15,60,75,2026-09-28 11:03:33,2026-09-28 11:04:51,461574,0,True,299972,20,1.55M,15.29_12.51_11.83,r5_read-through_c50_20260928-110328.jtl
r5_cache-aside_c50_20260928-110502,cache-aside,50,5,6,15,60,75,2026-09-28 11:05:07,2026-09-28 11:06:25,471151,0,True,299974,20,1.54M,13.69_12.40_11.83,r5_cache-aside_c50_20260928-110502.jtl
