strategy,concurrency,outcome,n,mean,sd,ci95_low,ci95_high
cache-aside,25,AvgRT,5,4.0974,0.027987497208575206,4.062648932316284,4.132151067683717
cache-aside,25,P95,5,8.2,0.4472135954999579,7.644710978960441,8.755289021039557
cache-aside,25,Throughput,5,6073.2334,41.736175888550356,6021.411092976487,6125.055707023513
cache-aside,50,AvgRT,5,7.7824,0.0344862291357,7.739579690848395,7.825220309151605
cache-aside,50,P95,5,14.4,0.5477225575051662,13.719912619341745,15.080087380658256
cache-aside,50,Throughput,5,6404.926799999999,27.759567111178253,6370.458744912328,6439.39485508767
cache-aside,100,AvgRT,5,15.099799999999998,0.054732988224652626,15.031840019007337,15.16775998099266
cache-aside,100,P95,5,24.4,0.5477225575051661,23.71991261934174,25.080087380658256
cache-aside,100,Throughput,5,6608.5166,24.358290740526,6578.271787329709,6638.761412670291
read-through,25,AvgRT,5,4.1922,0.02944825971088946,4.155635156107234,4.228764843892765
read-through,25,P95,5,8.6,0.5477225575051662,7.919912619341744,9.280087380658255
read-through,25,Throughput,5,5936.92,42.38281661829474,5884.294782462592,5989.5452175374085
read-through,50,AvgRT,5,7.9544,0.017386776584519568,7.93281146547019,7.97598853452981
read-through,50,P95,5,15.0,0.0,15.0,15.0
read-through,50,Throughput,5,6266.216600000001,13.950539319323775,6248.89471757167,6283.538482428331
read-through,100,AvgRT,5,15.436599999999999,0.06176811475186844,15.359904755675684,15.513295244324313
read-through,100,P95,5,25.0,0.0,25.0,25.0
read-through,100,Throughput,5,6462.0466,25.636913373103294,6430.214167639549,6493.879032360451
