outcome,concurrency,cohens_d_readthrough_minus_cacheaside,bootstrap_ci95_low,bootstrap_ci95_high,valid_bootstrap_reps
AvgRT,25,3.300012392915485,2.438872190412907,9.811784542983386,10000
AvgRT,50,6.298211743971122,4.565827651264311,22.400574588397507,10000
AvgRT,100,5.7714061847683045,4.5180446865707875,17.379944760303044,10000
P95,25,0.8000000000000007,-0.40000000000000213,2.5298221281347057,9700
P95,50,1.5491933384829657,0.6324555320336736,2.5298221281347057,9120
P95,100,1.5491933384829704,0.6324555320336736,2.5298221281347057,9096
Throughput,25,-3.2408703079857126,-9.699810882522922,-2.415182280568027,10000
Throughput,50,-6.31411138522198,-23.622600796254172,-4.5354790297347325,10000
Throughput,100,-5.857446722738514,-18.16870347642738,-4.553664398160882,10000
