outcome,term,partial_eta_squared,bootstrap_ci95_low,bootstrap_ci95_high,bootstrap_reps
AvgRT,Strategy,0.8610855036474526,0.8187297430147678,0.9546629293843164,10000
AvgRT,Concurrency,0.9999294526165475,0.9999093725182958,0.9999786986887871,10000
AvgRT,Strategy × Concurrency,0.002369741649184238,0.001966567353855989,0.285019609915744,10000
P95,Strategy,0.2308360867594608,0.030301301656730523,0.7571809533329948,10000
P95,Concurrency,0.9939607199077769,0.9929202357848446,0.9986608736766782,10000
P95,Strategy × Concurrency,0.01913485706066209,0.0026984293470263833,0.6088176342718294,10000
Throughput,Strategy,0.8654533709260525,0.8247266556777314,0.9560602063848185,10000
Throughput,Concurrency,0.9842043498293732,0.9785198615561586,0.9955256814298619,10000
Throughput,Strategy × Concurrency,0.0060858550533083025,0.002013665826964676,0.3102906377363724,10000
