outcome,component,full_estimate_model_scale,loo_min_estimate,loo_max_estimate,sign_reversals,full_p,loo_min_p,loo_max_p,significant_loo_models_of_30,significance_flips
AvgRT,marginal strategy,0.022265686637688242,0.021256443002327503,0.02316741068037449,0.0,8.747114637101899e-11,9.562108173058066e-12,1.222847479905895e-09,30,0
AvgRT,strategy at c25,0.022872014166920196,0.01984428326083046,0.025577186294976073,0.0,9.996926601326186e-05,3.1075444572032973e-06,0.0006919461251580211,30,0
AvgRT,strategy at c50,0.021866381234603716,0.021031283229046016,0.023743739637543088,0.0,4.859184828035229e-09,2.715356666740109e-14,3.870662544154285e-07,30,0
AvgRT,strategy at c100,0.022058664511540815,0.020468509049679506,0.023598299255447312,0.0,2.101573040146072e-08,1.07800601788222e-10,5.886184399426236e-07,30,0
AvgRT,omnibus interaction,,,,,0.983417917388116,0.7317596260723249,0.9975849760286477,0,0
P95,marginal strategy,0.03766737795562525,0.033741276767081545,0.04551958033272169,0.0,0.02448565046376188,0.0019288048735984845,0.06449130671174678,27,3
P95,strategy at c25,0.047113214262553604,0.03533491069691963,0.07066982139383382,0.0,0.26907777537980043,0.038854061532432885,0.4623900148764433,1,1
P95,strategy at c50,0.04139572289217058,0.034496435743475044,0.051744653615212986,0.0,0.0384069445168394,0.016078972698297493,0.1472173640150731,27,3
P95,strategy at c100,0.024493196712151555,0.02041099726012699,0.030616495890190804,0.0,0.03840694451684723,0.016078972698296924,0.14721736401507207,27,3
P95,omnibus interaction,,,,,0.682980515974563,0.36040333642972305,0.8474825044841673,0,0
Throughput,marginal strategy,-140.4978666666671,-145.9434499999936,-134.36314999999163,0.0,6.020892991817268e-11,7.451570821121963e-12,7.629975946040452e-10,30,0
Throughput,strategy at c25,-136.31339999999864,-152.65014999998766,-117.90924999999152,0.0,0.00011982688726529612,3.7710257006131693e-06,0.000799304063140867,30,0
Throughput,strategy at c50,-138.7102000000009,-150.54615000000052,-133.3852999999956,0.0,4.274932968991944e-09,1.9552182397955248e-14,3.4975916602690205e-07,30,0
Throughput,strategy at c100,-146.47000000000185,-156.7116500000023,-136.19584999999074,0.0,1.6938726248551276e-08,8.282151627995803e-11,4.3776589592845364e-07,30,0
Throughput,omnibus interaction,,,,,0.9319363061141486,0.5921017506565251,0.9924194087534967,0,0
