outcome,term,coefficient,std_error_HC3,df_resid,ci95_low,ci95_high,t,p,interpreted_effect,interpreted_ci95_low,interpreted_ci95_high,interpreted_scale
AvgRT,Intercept,1.4103338556095346,0.003430088592046302,24.0,1.4032545006981536,1.4174132105209156,411.16543137685136,1.0782938764969725e-47,4.0973230900513435,4.068419117167046,4.126432410424294,geometric mean at reference cell
AvgRT,Strategy[read-through],0.022872014166920196,0.004913955182745177,24.0,0.012730109133347852,0.03301391920049254,4.6545019879775875,9.996926601326186e-05,2.313558430707735,1.2811481900743955,3.356492553860299,percent change
AvgRT,Concurrency[50],0.6415230880274913,0.004080666631126355,24.0,0.6331010060370261,0.6499451700179564,157.21036438853045,1.120559228128265e-37,89.93715874692634,88.34420981203091,91.54358028239558,percent change
AvgRT,Concurrency[100],1.304342400876474,0.003877852479538783,24.0,1.2963389067217481,1.3123458950311997,336.3568902527224,1.3352910837678413e-45,268.526486976029,265.58875911708304,271.4878212636685,percent change
AvgRT,Strategy×Concurrency[50],-0.0010056329323164803,0.005497864933789337,24.0,-0.012352668461189445,0.010341402596556484,-0.18291335717179213,0.8564024054928281,-0.10051274529756234,-1.227668743008084,1.0395059704130964,percent change
AvgRT,Strategy×Concurrency[100],-0.0008133496553793806,0.0056044962026353074,24.0,-0.012380461306648115,0.010753761995889354,-0.1451244904041389,0.8858244957691578,-0.08130189762071009,-1.2304138689986943,1.081179151977495,percent change
P95,Intercept,2.102998148811113,0.026337087432395566,24.0,2.0486410719419204,2.157355225680306,79.84930582051946,1.248854953015419e-30,8.19069004431688,7.757352256728227,8.648234756115965,geometric mean at reference cell
P95,Strategy[read-through],0.047113214262553604,0.04164259161068294,24.0,-0.03883287066519814,0.13305929919030535,1.1313708498984785,0.26907777537980043,4.82406781573691,-3.808854066470653,14.231773483926174,percent change
P95,Concurrency[50],0.5636563293989252,0.032413629820228024,24.0,0.49675788543581334,0.630554773362037,17.38948499520317,4.170668284339838e-15,75.70852520490028,64.33845832068593,87.86525165908114,percent change
P95,Concurrency[100],1.091384479344937,0.02861162031705871,24.0,1.0323329973267124,1.1504359613631616,38.14479806633796,5.412722871030378e-23,197.83947454177348,180.7608342662667,215.95700599461426,percent change
P95,Strategy×Concurrency[50],-0.005717491370383021,0.045728619700962404,24.0,-0.10009672379643425,0.08866174105566821,-0.12503091953730436,0.9015404790263232,-0.5701177622643133,-9.525009704180512,9.271097454506117,percent change
P95,Strategy×Concurrency[100],-0.02262001755040205,0.04311714367626872,24.0,-0.11160942836536192,0.06636939326455782,-0.5246177186558835,0.6046614392314269,-2.236610307346761,-10.560648597214541,6.862138580981678,percent change
Throughput,Intercept,6073.233399999997,20.86808794427517,24.0,6030.16378330788,6116.303016692114,291.02970124611215,4.3045869761013687e-44,6073.233399999997,6030.16378330788,6116.303016692114,req/s difference
Throughput,Strategy[read-through],-136.31339999999864,29.74143373435455,24.0,-197.6967023050882,-74.93009769490908,-4.58328274344562,0.00011982688726529612,-136.31339999999864,-197.6967023050882,-74.93009769490908,req/s difference
Throughput,Concurrency[50],331.6933999999965,25.062431765493248,24.0,279.96708312829446,383.4197168716985,13.234685408966678,1.603706202221747e-12,331.6933999999965,279.96708312829446,383.4197168716985,req/s difference
Throughput,Concurrency[100],535.2832000000047,24.16213310947528,24.0,485.4150082294939,585.1513917705156,22.153805608747813,1.7371135113708585e-17,535.2832000000047,485.4150082294939,585.1513917705156,req/s difference
Throughput,Strategy×Concurrency[50],-2.3968000000022585,33.55377264854138,24.0,-71.64838310652055,66.85478310651604,-0.0714316099446555,0.9436461816136597,-2.3968000000022585,-71.64838310652055,66.85478310651604,req/s difference
Throughput,Strategy×Concurrency[100],-10.156600000003209,34.60053893149646,24.0,-81.5686025322732,61.255402532266785,-0.2935387804251158,0.7716337699797318,-10.156600000003209,-81.5686025322732,61.255402532266785,req/s difference
