outcome,contrast,estimate_model_scale,std_error_HC3,ci95_low_model_scale,ci95_high_model_scale,t,p,interpreted_effect,interpreted_ci95_low,interpreted_ci95_high,interpreted_scale
AvgRT,read-through - cache-aside at concurrency 25,0.022872014166920196,0.004913955182745177,0.012730109133347852,0.03301391920049254,4.6545019879775875,9.996926601326186e-05,2.313558430707735,1.2811481900743955,3.356492553860299,read-through vs cache-aside (%)
AvgRT,read-through - cache-aside at concurrency 50,0.021866381234603716,0.002465677045389819,0.01677747392718443,0.026955288542023,8.86830709459222,4.859184828035229e-09,2.2107202643174046,1.691900615273942,2.732186867804683,read-through vs cache-aside (%)
AvgRT,read-through - cache-aside at concurrency 100,0.022058664511540815,0.002695073681242389,0.016496305817343106,0.027621023205738525,8.18480944141464,2.101573040146072e-08,2.230375566180295,1.6633121150673964,2.8006020163230128,read-through vs cache-aside (%)
AvgRT,equal-weight marginal strategy effect,0.022265686637688242,0.002040967662042142,0.018053336415670154,0.02647803685970633,10.909377474119186,8.747114637101899e-11,2.251541706740971,1.8217283001769589,2.6831694565453335,equal-weight marginal read-through vs cache-aside (%)
P95,read-through - cache-aside at concurrency 25,0.047113214262553604,0.04164259161068294,-0.03883287066519814,0.13305929919030535,1.1313708498984785,0.26907777537980043,4.82406781573691,-3.808854066470653,14.231773483926174,read-through vs cache-aside (%)
P95,read-through - cache-aside at concurrency 50,0.04139572289217058,0.018894476010229193,0.002399441031943346,0.08039200475239783,2.1908902300206443,0.0384069445168394,4.226447185991405,0.24023219943485552,8.371180459770533,read-through vs cache-aside (%)
P95,read-through - cache-aside at concurrency 100,0.024493196712151555,0.011179563620547908,0.0014197114360737402,0.04756668198822937,2.190890230020548,0.03840694451684723,2.4795619103899798,0.14207197034477168,4.871612926637312,read-through vs cache-aside (%)
P95,equal-weight marginal strategy effect,0.03766737795562525,0.01569178589971031,0.00528112360783823,0.07005363230341227,2.40045194322468,0.02448565046376188,3.8385785427165473,0.5295093322221778,7.256570388092734,equal-weight marginal read-through vs cache-aside (%)
Throughput,read-through - cache-aside at concurrency 25,-136.31339999999864,29.74143373435455,-197.6967023050882,-74.93009769490908,-4.58328274344562,0.00011982688726529612,-136.31339999999864,-197.6967023050882,-74.93009769490908,read-through minus cache-aside (req/s)
Throughput,read-through - cache-aside at concurrency 50,-138.7102000000009,15.533923470102513,-170.77064230638527,-106.64975769361652,-8.929501955315446,4.274932968991944e-09,-138.7102000000009,-170.77064230638527,-106.64975769361652,read-through minus cache-aside (req/s)
Throughput,read-through - cache-aside at concurrency 100,-146.47000000000185,17.681753696254205,-182.9633460207619,-109.9766539792418,-8.283680596174735,1.6938726248551276e-08,-146.47000000000185,-182.9633460207619,-109.9766539792418,read-through minus cache-aside (req/s)
Throughput,equal-weight marginal strategy effect,-140.4978666666671,12.642521165253767,-166.5907479149862,-114.404985418348,-11.113120937681813,6.020892991817268e-11,-140.4978666666671,-166.5907479149862,-114.404985418348,equal-weight marginal read-through minus cache-aside (req/s)
